-- Undo changes if required
DROP TABLE IF EXISTS FBNK_DATA_EVENTS;
DROP TABLE IF EXISTS FEU1_DATA_EVENTS;
DROP TABLE IF EXISTS FNL1_DATA_EVENTS;
DROP TABLE IF EXISTS FMF1_DATA_EVENTS;
DROP TABLE IF EXISTS FMF2_DATA_EVENTS;
DROP TABLE IF EXISTS FMF3_DATA_EVENTS;
DROP TABLE IF EXISTS FBR1_DATA_EVENTS;
DROP TABLE IF EXISTS FSG1_DATA_EVENTS;
DROP TABLE IF EXISTS FSGP_DATA_EVENTS;
DROP TABLE IF EXISTS FDBU_DATA_EVENTS;
DROP TABLE IF EXISTS FACU_DATA_EVENTS;
DROP TABLE IF EXISTS FBNK_DATA_EVENTS_ILP;
DROP TABLE IF EXISTS FEU1_DATA_EVENTS_ILP;
DROP TABLE IF EXISTS FNL1_DATA_EVENTS_ILP;
DROP TABLE IF EXISTS FMF1_DATA_EVENTS_ILP;
DROP TABLE IF EXISTS FMF2_DATA_EVENTS_ILP;
DROP TABLE IF EXISTS FMF3_DATA_EVENTS_ILP;
DROP TABLE IF EXISTS FBR1_DATA_EVENTS_ILP;
DROP TABLE IF EXISTS FSG1_DATA_EVENTS_ILP;
DROP TABLE IF EXISTS FSGP_DATA_EVENTS_ILP;
DROP TABLE IF EXISTS FDBU_DATA_EVENTS_ILP;
DROP TABLE IF EXISTS FACU_DATA_EVENTS_ILP;
DELETE FROM F_FILE_CONTROL WHERE RECID = 'DATA.EVENTS';
DELETE FROM F_FILE_CONTROL WHERE RECID = 'DATA.EVENTS.ILP';
DELETE FROM TAFJ_VOC WHERE RECID = 'FACU.DATA.EVENTS';
DELETE FROM TAFJ_VOC WHERE RECID = 'FDBU.DATA.EVENTS';
DELETE FROM TAFJ_VOC WHERE RECID = 'FSGP.DATA.EVENTS';
DELETE FROM TAFJ_VOC WHERE RECID = 'FSG1.DATA.EVENTS';
DELETE FROM TAFJ_VOC WHERE RECID = 'FBR1.DATA.EVENTS';
DELETE FROM TAFJ_VOC WHERE RECID = 'FMF3.DATA.EVENTS';
DELETE FROM TAFJ_VOC WHERE RECID = 'FMF2.DATA.EVENTS';
DELETE FROM TAFJ_VOC WHERE RECID = 'FMF1.DATA.EVENTS';
DELETE FROM TAFJ_VOC WHERE RECID = 'FNL1.DATA.EVENTS';
DELETE FROM TAFJ_VOC WHERE RECID = 'FEU1.DATA.EVENTS';
DELETE FROM TAFJ_VOC WHERE RECID = 'FBNK.DATA.EVENTS';
DELETE FROM TAFJ_VOC WHERE RECID = 'FACU.DATA.EVENTS.ILP';
DELETE FROM TAFJ_VOC WHERE RECID = 'FDBU.DATA.EVENTS.ILP';
DELETE FROM TAFJ_VOC WHERE RECID = 'FSGP.DATA.EVENTS.ILP';
DELETE FROM TAFJ_VOC WHERE RECID = 'FSG1.DATA.EVENTS.ILP';
DELETE FROM TAFJ_VOC WHERE RECID = 'FBR1.DATA.EVENTS.ILP';
DELETE FROM TAFJ_VOC WHERE RECID = 'FMF3.DATA.EVENTS.ILP';
DELETE FROM TAFJ_VOC WHERE RECID = 'FMF2.DATA.EVENTS.ILP';
DELETE FROM TAFJ_VOC WHERE RECID = 'FMF1.DATA.EVENTS.ILP';
DELETE FROM TAFJ_VOC WHERE RECID = 'FNL1.DATA.EVENTS.ILP';
DELETE FROM TAFJ_VOC WHERE RECID = 'FBNK.DATA.EVENTS.ILP';
DELETE FROM TAFJ_VOC WHERE RECID = 'FEU1.DATA.EVENTS.ILP';
DELETE FROM TAFJ_CACHE WHERE RECID = 'FACU.DATA.EVENTS';
DELETE FROM TAFJ_CACHE WHERE RECID = 'FDBU.DATA.EVENTS';
DELETE FROM TAFJ_CACHE WHERE RECID = 'FSGP.DATA.EVENTS';
DELETE FROM TAFJ_CACHE WHERE RECID = 'FSG1.DATA.EVENTS';
DELETE FROM TAFJ_CACHE WHERE RECID = 'FBR1.DATA.EVENTS';
DELETE FROM TAFJ_CACHE WHERE RECID = 'FMF3.DATA.EVENTS';
DELETE FROM TAFJ_CACHE WHERE RECID = 'FMF2.DATA.EVENTS';
DELETE FROM TAFJ_CACHE WHERE RECID = 'FMF1.DATA.EVENTS';
DELETE FROM TAFJ_CACHE WHERE RECID = 'FNL1.DATA.EVENTS';
DELETE FROM TAFJ_CACHE WHERE RECID = 'FEU1.DATA.EVENTS';
DELETE FROM TAFJ_CACHE WHERE RECID = 'FBNK.DATA.EVENTS';
DELETE FROM TAFJ_CACHE WHERE RECID = 'FACU.DATA.EVENTS.ILP';
DELETE FROM TAFJ_CACHE WHERE RECID = 'FDBU.DATA.EVENTS.ILP';
DELETE FROM TAFJ_CACHE WHERE RECID = 'FSGP.DATA.EVENTS.ILP';
DELETE FROM TAFJ_CACHE WHERE RECID = 'FSG1.DATA.EVENTS.ILP';
DELETE FROM TAFJ_CACHE WHERE RECID = 'FBR1.DATA.EVENTS.ILP';
DELETE FROM TAFJ_CACHE WHERE RECID = 'FMF3.DATA.EVENTS.ILP';
DELETE FROM TAFJ_CACHE WHERE RECID = 'FMF2.DATA.EVENTS.ILP';
DELETE FROM TAFJ_CACHE WHERE RECID = 'FMF1.DATA.EVENTS.ILP';
DELETE FROM TAFJ_CACHE WHERE RECID = 'FNL1.DATA.EVENTS.ILP';
DELETE FROM TAFJ_CACHE WHERE RECID = 'FBNK.DATA.EVENTS.ILP';
DELETE FROM TAFJ_CACHE WHERE RECID = 'FEU1.DATA.EVENTS.ILP';


-- Enable multi-company
INSERT INTO F_FILE_CONTROL (RECID,XMLRECORD) VALUES ('DATA.EVENTS','Data Events table for RR<CFM>RR<CFM><CFM>1<CFM><CFM>FIN<CFM><CFM>Y<CFM>N<CFM><CFM><CFM><CFM><CFM><CFM><CFM><CFM><CFM><CFM><CFM><CFM><CFM><CFM><CFM><CFM><CFM><CFM><CFM><CFM><CFM>1<CFM>INPUTTER<CFM>1304292154<CFM>INPUTTER<CFM>GB0010001<CFM>1');
INSERT INTO F_FILE_CONTROL (RECID,XMLRECORD) VALUES ('DATA.EVENTS.ILP','Data Events table for RR<CFM>RR<CFM><CFM>1<CFM><CFM>FIN<CFM><CFM>Y<CFM>N<CFM><CFM><CFM><CFM><CFM><CFM><CFM><CFM><CFM><CFM><CFM><CFM><CFM><CFM><CFM><CFM><CFM><CFM><CFM><CFM><CFM>1<CFM>INPUTTER<CFM>1304292154<CFM>INPUTTER<CFM>GB0010001<CFM>1');

-- Create multi-company tables (XMLRECORD uses VARCHAR instead of CLOB for backward compatibility with H2 1.3.x)
CREATE TABLE FBNK_DATA_EVENTS (
    RECID                     VARCHAR2(255) NOT NULL,
    XMLRECORD                 VARCHAR,
    CREATEDTIME               TIMESTAMP(9) DEFAULT CURRENT_TIMESTAMP,
    PROCESSEDTIME             TIMESTAMP(9),
    PARTITIONID		          INTEGER DEFAULT 1,
    CONSTRAINT FBNK_DATA_EVENTS_PK PRIMARY KEY (RECID)
);
CREATE TABLE FEU1_DATA_EVENTS (
    RECID                     VARCHAR2(255) NOT NULL,
    XMLRECORD                 VARCHAR,
    CREATEDTIME               TIMESTAMP(9) DEFAULT CURRENT_TIMESTAMP,
    PROCESSEDTIME             TIMESTAMP(9),
    PARTITIONID		          INTEGER DEFAULT 1,
    CONSTRAINT FEU1_DATA_EVENTS_PK PRIMARY KEY (RECID)
);
CREATE TABLE FNL1_DATA_EVENTS (
    RECID                     VARCHAR2(255) NOT NULL,
    XMLRECORD                 VARCHAR,
    CREATEDTIME               TIMESTAMP(9) DEFAULT CURRENT_TIMESTAMP,
    PROCESSEDTIME             TIMESTAMP(9),
    PARTITIONID		          INTEGER DEFAULT 1,
    CONSTRAINT FNL1_DATA_EVENTS_PK PRIMARY KEY (RECID)
);
CREATE TABLE FMF1_DATA_EVENTS (
    RECID                     VARCHAR2(255) NOT NULL,
    XMLRECORD                 VARCHAR,
    CREATEDTIME               TIMESTAMP(9) DEFAULT CURRENT_TIMESTAMP,
    PROCESSEDTIME             TIMESTAMP(9),
    PARTITIONID		          INTEGER DEFAULT 1,
    CONSTRAINT FMF1_DATA_EVENTS_PK PRIMARY KEY (RECID)
);
CREATE TABLE FMF2_DATA_EVENTS (
    RECID                     VARCHAR2(255) NOT NULL,
    XMLRECORD                 VARCHAR,
    CREATEDTIME               TIMESTAMP(9) DEFAULT CURRENT_TIMESTAMP,
    PROCESSEDTIME             TIMESTAMP(9),
    PARTITIONID		          INTEGER DEFAULT 1,
    CONSTRAINT FMF2_DATA_EVENTS_PK PRIMARY KEY (RECID)
);
CREATE TABLE FMF3_DATA_EVENTS (
    RECID                     VARCHAR2(255) NOT NULL,
    XMLRECORD                 VARCHAR,
    CREATEDTIME               TIMESTAMP(9) DEFAULT CURRENT_TIMESTAMP,
    PROCESSEDTIME             TIMESTAMP(9),
    PARTITIONID		          INTEGER DEFAULT 1,
    CONSTRAINT FMF3_DATA_EVENTS_PK PRIMARY KEY (RECID)
);
CREATE TABLE FBR1_DATA_EVENTS (
    RECID                     VARCHAR2(255) NOT NULL,
    XMLRECORD                 VARCHAR,
    CREATEDTIME               TIMESTAMP(9) DEFAULT CURRENT_TIMESTAMP,
    PROCESSEDTIME             TIMESTAMP(9),
    PARTITIONID		          INTEGER DEFAULT 1,
    CONSTRAINT FBR1_DATA_EVENTS_PK PRIMARY KEY (RECID)
);
CREATE TABLE FSG1_DATA_EVENTS (
    RECID                     VARCHAR2(255) NOT NULL,
    XMLRECORD                 VARCHAR,
    CREATEDTIME               TIMESTAMP(9) DEFAULT CURRENT_TIMESTAMP,
    PROCESSEDTIME             TIMESTAMP(9),
    PARTITIONID		          INTEGER DEFAULT 1,
    CONSTRAINT FSG1_DATA_EVENTS_PK PRIMARY KEY (RECID)
);
CREATE TABLE FSGP_DATA_EVENTS (
    RECID                     VARCHAR2(255) NOT NULL,
    XMLRECORD                 VARCHAR,
    CREATEDTIME               TIMESTAMP(9) DEFAULT CURRENT_TIMESTAMP,
    PROCESSEDTIME             TIMESTAMP(9),
    PARTITIONID		          INTEGER DEFAULT 1,
    CONSTRAINT FSGP_DATA_EVENTS_PK PRIMARY KEY (RECID)
);
CREATE TABLE FDBU_DATA_EVENTS (
    RECID                     VARCHAR2(255) NOT NULL,
    XMLRECORD                 VARCHAR,
    CREATEDTIME               TIMESTAMP(9) DEFAULT CURRENT_TIMESTAMP,
    PROCESSEDTIME             TIMESTAMP(9),
    PARTITIONID		          INTEGER DEFAULT 1,
    CONSTRAINT FDBU_DATA_EVENTS_PK PRIMARY KEY (RECID)
);
CREATE TABLE FACU_DATA_EVENTS (
    RECID                     VARCHAR2(255) NOT NULL,
    XMLRECORD                 VARCHAR,
    CREATEDTIME               TIMESTAMP(9) DEFAULT CURRENT_TIMESTAMP,
    PROCESSEDTIME             TIMESTAMP(9),
    PARTITIONID		          INTEGER DEFAULT 1,
    CONSTRAINT FACU_DATA_EVENTS_PK PRIMARY KEY (RECID)
);

CREATE TABLE FBNK_DATA_EVENTS_ILP (
    RECID                     VARCHAR2(255) NOT NULL,
    XMLRECORD                 VARCHAR,
    CREATEDTIME               TIMESTAMP(9) DEFAULT CURRENT_TIMESTAMP,
    PROCESSEDTIME             TIMESTAMP(9),
    PARTITIONID		          INTEGER DEFAULT 1,
    CONSTRAINT FBNK_DATA_EVENTS_ILP_PK PRIMARY KEY (RECID)
);

CREATE TABLE FEU1_DATA_EVENTS_ILP (
    RECID                     VARCHAR2(255) NOT NULL,
    XMLRECORD                 VARCHAR,
    CREATEDTIME               TIMESTAMP(9) DEFAULT CURRENT_TIMESTAMP,
    PROCESSEDTIME             TIMESTAMP(9),
    PARTITIONID		          INTEGER DEFAULT 1,
    CONSTRAINT FEU1_DATA_EVENTS_ILP_PK PRIMARY KEY (RECID)
);

CREATE TABLE FNL1_DATA_EVENTS_ILP (
    RECID                     VARCHAR2(255) NOT NULL,
    XMLRECORD                 VARCHAR,
    CREATEDTIME               TIMESTAMP(9) DEFAULT CURRENT_TIMESTAMP,
    PROCESSEDTIME             TIMESTAMP(9),
    PARTITIONID		          INTEGER DEFAULT 1,
    CONSTRAINT FNL1_DATA_EVENTS_ILP_PK PRIMARY KEY (RECID)
);

CREATE TABLE FMF1_DATA_EVENTS_ILP (
    RECID                     VARCHAR2(255) NOT NULL,
    XMLRECORD                 VARCHAR,
    CREATEDTIME               TIMESTAMP(9) DEFAULT CURRENT_TIMESTAMP,
    PROCESSEDTIME             TIMESTAMP(9),
    PARTITIONID		          INTEGER DEFAULT 1,
    CONSTRAINT FMF1_DATA_EVENTS_ILP_PK PRIMARY KEY (RECID)
);

CREATE TABLE FMF2_DATA_EVENTS_ILP (
    RECID                     VARCHAR2(255) NOT NULL,
    XMLRECORD                 VARCHAR,
    CREATEDTIME               TIMESTAMP(9) DEFAULT CURRENT_TIMESTAMP,
    PROCESSEDTIME             TIMESTAMP(9),
    PARTITIONID		          INTEGER DEFAULT 1,
    CONSTRAINT FMF2_DATA_EVENTS_ILP_PK PRIMARY KEY (RECID)
);

CREATE TABLE FMF3_DATA_EVENTS_ILP (
    RECID                     VARCHAR2(255) NOT NULL,
    XMLRECORD                 VARCHAR,
    CREATEDTIME               TIMESTAMP(9) DEFAULT CURRENT_TIMESTAMP,
    PROCESSEDTIME             TIMESTAMP(9),
    PARTITIONID		          INTEGER DEFAULT 1,
    CONSTRAINT FMF3_DATA_EVENTS_ILP_PK PRIMARY KEY (RECID)
);

CREATE TABLE FBR1_DATA_EVENTS_ILP (
    RECID                     VARCHAR2(255) NOT NULL,
    XMLRECORD                 VARCHAR,
    CREATEDTIME               TIMESTAMP(9) DEFAULT CURRENT_TIMESTAMP,
    PROCESSEDTIME             TIMESTAMP(9),
    PARTITIONID		          INTEGER DEFAULT 1,
    CONSTRAINT FBR1_DATA_EVENTS_ILP_PK PRIMARY KEY (RECID)
);

CREATE TABLE FSG1_DATA_EVENTS_ILP (
    RECID                     VARCHAR2(255) NOT NULL,
    XMLRECORD                 VARCHAR,
    CREATEDTIME               TIMESTAMP(9) DEFAULT CURRENT_TIMESTAMP,
    PROCESSEDTIME             TIMESTAMP(9),
    PARTITIONID		          INTEGER DEFAULT 1,
    CONSTRAINT FSG1_DATA_EVENTS_ILP_PK PRIMARY KEY (RECID)
);

CREATE TABLE FSGP_DATA_EVENTS_ILP (
    RECID                     VARCHAR2(255) NOT NULL,
    XMLRECORD                 VARCHAR,
    CREATEDTIME               TIMESTAMP(9) DEFAULT CURRENT_TIMESTAMP,
    PROCESSEDTIME             TIMESTAMP(9),
    PARTITIONID		          INTEGER DEFAULT 1,
    CONSTRAINT FSGP_DATA_EVENTS_ILP_PK PRIMARY KEY (RECID)
);

CREATE TABLE FDBU_DATA_EVENTS_ILP (
    RECID                     VARCHAR2(255) NOT NULL,
    XMLRECORD                 VARCHAR,
    CREATEDTIME               TIMESTAMP(9) DEFAULT CURRENT_TIMESTAMP,
    PROCESSEDTIME             TIMESTAMP(9),
    PARTITIONID		          INTEGER DEFAULT 1,
    CONSTRAINT FDBU_DATA_EVENTS_ILP_PK PRIMARY KEY (RECID)
);

CREATE TABLE FACU_DATA_EVENTS_ILP (
    RECID                     VARCHAR2(255) NOT NULL,
    XMLRECORD                 VARCHAR,
    CREATEDTIME               TIMESTAMP(9) DEFAULT CURRENT_TIMESTAMP,
    PROCESSEDTIME             TIMESTAMP(9),
    PARTITIONID		          INTEGER DEFAULT 1,
    CONSTRAINT FACU_DATA_EVENTS_ILP_PK PRIMARY KEY (RECID)
);

-- Add event tables to TAFJ VOC
Insert into TAFJ_VOC (RECID,ORCLFILENAME, ORCLDICTNAME, ISBLOB, ISRIGHTJUSTIFIED, ISREADONLY, ASSOCIATED, PDATEALIAS, OTHERATTRIBUTES, TABLEID) values ('FACU.DATA.EVENTS','FACU_DATA_EVENTS', 'D_F_DATA_EVENTS', 'S', 'N', 'N', null, null, null, 10000000);
Insert into TAFJ_VOC (RECID,ORCLFILENAME, ORCLDICTNAME, ISBLOB, ISRIGHTJUSTIFIED, ISREADONLY, ASSOCIATED, PDATEALIAS, OTHERATTRIBUTES, TABLEID) values ('FDBU.DATA.EVENTS', 'FDBU_DATA_EVENTS', 'D_F_DATA_EVENTS', 'S', 'N', 'N', null, null, null, 10000001);
Insert into TAFJ_VOC (RECID,ORCLFILENAME, ORCLDICTNAME, ISBLOB, ISRIGHTJUSTIFIED, ISREADONLY, ASSOCIATED, PDATEALIAS, OTHERATTRIBUTES, TABLEID) values ('FSGP.DATA.EVENTS', 'FSGP_DATA_EVENTS', 'D_F_DATA_EVENTS', 'S', 'N', 'N', null, null, null, 10000002);
Insert into TAFJ_VOC (RECID,ORCLFILENAME, ORCLDICTNAME, ISBLOB, ISRIGHTJUSTIFIED, ISREADONLY, ASSOCIATED, PDATEALIAS, OTHERATTRIBUTES, TABLEID) values ('FSG1.DATA.EVENTS', 'FSG1_DATA_EVENTS', 'D_F_DATA_EVENTS', 'S', 'N', 'N', null, null, null, 10000003);
Insert into TAFJ_VOC (RECID,ORCLFILENAME, ORCLDICTNAME, ISBLOB, ISRIGHTJUSTIFIED, ISREADONLY, ASSOCIATED, PDATEALIAS, OTHERATTRIBUTES, TABLEID) values ('FBR1.DATA.EVENTS', 'FBR1_DATA_EVENTS', 'D_F_DATA_EVENTS', 'S', 'N', 'N', null, null, null, 10000004);
Insert into TAFJ_VOC (RECID,ORCLFILENAME, ORCLDICTNAME, ISBLOB, ISRIGHTJUSTIFIED, ISREADONLY, ASSOCIATED, PDATEALIAS, OTHERATTRIBUTES, TABLEID) values ('FMF3.DATA.EVENTS', 'FMF3_DATA_EVENTS', 'D_F_DATA_EVENTS', 'S', 'N', 'N', null, null, null, 10000005);
Insert into TAFJ_VOC (RECID,ORCLFILENAME, ORCLDICTNAME, ISBLOB, ISRIGHTJUSTIFIED, ISREADONLY, ASSOCIATED, PDATEALIAS, OTHERATTRIBUTES, TABLEID) values ('FMF2.DATA.EVENTS', 'FMF2_DATA_EVENTS', 'D_F_DATA_EVENTS', 'S', 'N', 'N', null, null, null, 10000006);
Insert into TAFJ_VOC (RECID,ORCLFILENAME, ORCLDICTNAME, ISBLOB, ISRIGHTJUSTIFIED, ISREADONLY, ASSOCIATED, PDATEALIAS, OTHERATTRIBUTES, TABLEID) values ('FMF1.DATA.EVENTS', 'FMF1_DATA_EVENTS', 'D_F_DATA_EVENTS', 'S', 'N', 'N', null, null, null, 10000007);
Insert into TAFJ_VOC (RECID,ORCLFILENAME, ORCLDICTNAME, ISBLOB, ISRIGHTJUSTIFIED, ISREADONLY, ASSOCIATED, PDATEALIAS, OTHERATTRIBUTES, TABLEID) values ('FNL1.DATA.EVENTS', 'FNL1_DATA_EVENTS', 'D_F_DATA_EVENTS', 'S', 'N', 'N', null, null, null, 10000008);
Insert into TAFJ_VOC (RECID,ORCLFILENAME, ORCLDICTNAME, ISBLOB, ISRIGHTJUSTIFIED, ISREADONLY, ASSOCIATED, PDATEALIAS, OTHERATTRIBUTES, TABLEID) values ('FEU1.DATA.EVENTS', 'FEU1_DATA_EVENTS', 'D_F_DATA_EVENTS', 'S', 'N', 'N', null, null, null, 10000009);
Insert into TAFJ_VOC (RECID,ORCLFILENAME, ORCLDICTNAME, ISBLOB, ISRIGHTJUSTIFIED, ISREADONLY, ASSOCIATED, PDATEALIAS, OTHERATTRIBUTES, TABLEID) values ('FBNK.DATA.EVENTS', 'FBNK_DATA_EVENTS', 'D_F_DATA_EVENTS', 'S', 'N', 'N', null, null, null, 10000010);
Insert into TAFJ_VOC (RECID,ORCLFILENAME, ORCLDICTNAME, ISBLOB, ISRIGHTJUSTIFIED, ISREADONLY, ASSOCIATED, PDATEALIAS, OTHERATTRIBUTES, TABLEID) values ('FBNK.DATA.EVENTS.ILP', 'FBNK_DATA_EVENTS_ILP', 'D_F_DATA_EVENTS', 'S', 'N', 'N', null, null, null, 10000011);
Insert into TAFJ_VOC (RECID,ORCLFILENAME, ORCLDICTNAME, ISBLOB, ISRIGHTJUSTIFIED, ISREADONLY, ASSOCIATED, PDATEALIAS, OTHERATTRIBUTES, TABLEID) values ('FEU1.DATA.EVENTS.ILP', 'FEU1_DATA_EVENTS_ILP', 'D_F_DATA_EVENTS', 'S', 'N', 'N', null, null, null, 10000012);
Insert into TAFJ_VOC (RECID,ORCLFILENAME, ORCLDICTNAME, ISBLOB, ISRIGHTJUSTIFIED, ISREADONLY, ASSOCIATED, PDATEALIAS, OTHERATTRIBUTES, TABLEID) values ('FNL1.DATA.EVENTS.ILP', 'FNL1_DATA_EVENTS_ILP', 'D_F_DATA_EVENTS', 'S', 'N', 'N', null, null, null, 10000013);
Insert into TAFJ_VOC (RECID,ORCLFILENAME, ORCLDICTNAME, ISBLOB, ISRIGHTJUSTIFIED, ISREADONLY, ASSOCIATED, PDATEALIAS, OTHERATTRIBUTES, TABLEID) values ('FMF1.DATA.EVENTS.ILP', 'FMF1_DATA_EVENTS_ILP', 'D_F_DATA_EVENTS', 'S', 'N', 'N', null, null, null, 10000014);
Insert into TAFJ_VOC (RECID,ORCLFILENAME, ORCLDICTNAME, ISBLOB, ISRIGHTJUSTIFIED, ISREADONLY, ASSOCIATED, PDATEALIAS, OTHERATTRIBUTES, TABLEID) values ('FMF2.DATA.EVENTS.ILP', 'FMF2_DATA_EVENTS_ILP', 'D_F_DATA_EVENTS', 'S', 'N', 'N', null, null, null, 10000015);
Insert into TAFJ_VOC (RECID,ORCLFILENAME, ORCLDICTNAME, ISBLOB, ISRIGHTJUSTIFIED, ISREADONLY, ASSOCIATED, PDATEALIAS, OTHERATTRIBUTES, TABLEID) values ('FMF3.DATA.EVENTS.ILP', 'FMF3_DATA_EVENTS_ILP', 'D_F_DATA_EVENTS', 'S', 'N', 'N', null, null, null, 10000016);
Insert into TAFJ_VOC (RECID,ORCLFILENAME, ORCLDICTNAME, ISBLOB, ISRIGHTJUSTIFIED, ISREADONLY, ASSOCIATED, PDATEALIAS, OTHERATTRIBUTES, TABLEID) values ('FBR1.DATA.EVENTS.ILP', 'FBR1_DATA_EVENTS_ILP', 'D_F_DATA_EVENTS', 'S', 'N', 'N', null, null, null, 10000017);
Insert into TAFJ_VOC (RECID,ORCLFILENAME, ORCLDICTNAME, ISBLOB, ISRIGHTJUSTIFIED, ISREADONLY, ASSOCIATED, PDATEALIAS, OTHERATTRIBUTES, TABLEID) values ('FSG1.DATA.EVENTS.ILP', 'FSG1_DATA_EVENTS_ILP', 'D_F_DATA_EVENTS', 'S', 'N', 'N', null, null, null, 10000018);
Insert into TAFJ_VOC (RECID,ORCLFILENAME, ORCLDICTNAME, ISBLOB, ISRIGHTJUSTIFIED, ISREADONLY, ASSOCIATED, PDATEALIAS, OTHERATTRIBUTES, TABLEID) values ('FSGP.DATA.EVENTS.ILP', 'FSGP_DATA_EVENTS_ILP', 'D_F_DATA_EVENTS', 'S', 'N', 'N', null, null, null, 10000019);
Insert into TAFJ_VOC (RECID,ORCLFILENAME, ORCLDICTNAME, ISBLOB, ISRIGHTJUSTIFIED, ISREADONLY, ASSOCIATED, PDATEALIAS, OTHERATTRIBUTES, TABLEID) values ('FDBU.DATA.EVENTS.ILP', 'FDBU_DATA_EVENTS_ILP', 'D_F_DATA_EVENTS', 'S', 'N', 'N', null, null, null, 10000020);
Insert into TAFJ_VOC (RECID,ORCLFILENAME, ORCLDICTNAME, ISBLOB, ISRIGHTJUSTIFIED, ISREADONLY, ASSOCIATED, PDATEALIAS, OTHERATTRIBUTES, TABLEID) values ('FACU.DATA.EVENTS.ILP', 'FACU_DATA_EVENTS_ILP', 'D_F_DATA_EVENTS', 'S', 'N', 'N', null, null, null, 10000021);

-- Add event tables to Cache mapping table
INSERT INTO TAFJ_CACHE (RECID, CACHENAME) VALUES ('FACU.DATA.EVENTS','FDataEventCache');
INSERT INTO TAFJ_CACHE (RECID, CACHENAME) VALUES ('FDBU.DATA.EVENTS','FDataEventCache');
INSERT INTO TAFJ_CACHE (RECID, CACHENAME) VALUES ('FSGP.DATA.EVENTS','FDataEventCache');
INSERT INTO TAFJ_CACHE (RECID, CACHENAME) VALUES ('FSG1.DATA.EVENTS','FDataEventCache');
INSERT INTO TAFJ_CACHE (RECID, CACHENAME) VALUES ('FBR1.DATA.EVENTS','FDataEventCache');
INSERT INTO TAFJ_CACHE (RECID, CACHENAME) VALUES ('FMF3.DATA.EVENTS','FDataEventCache');
INSERT INTO TAFJ_CACHE (RECID, CACHENAME) VALUES ('FMF2.DATA.EVENTS','FDataEventCache');
INSERT INTO TAFJ_CACHE (RECID, CACHENAME) VALUES ('FMF1.DATA.EVENTS','FDataEventCache');
INSERT INTO TAFJ_CACHE (RECID, CACHENAME) VALUES ('FNL1.DATA.EVENTS','FDataEventCache');
INSERT INTO TAFJ_CACHE (RECID, CACHENAME) VALUES ('FEU1.DATA.EVENTS','FDataEventCache');
INSERT INTO TAFJ_CACHE (RECID, CACHENAME) VALUES ('FBNK.DATA.EVENTS','FDataEventCache');
INSERT INTO TAFJ_CACHE (RECID, CACHENAME) VALUES ('FBNK.DATA.EVENTS.ILP','FDataEventCache');
INSERT INTO TAFJ_CACHE (RECID, CACHENAME) VALUES ('FEU1.DATA.EVENTS.ILP','FDataEventCache');
INSERT INTO TAFJ_CACHE (RECID, CACHENAME) VALUES ('FNL1.DATA.EVENTS.ILP','FDataEventCache');
INSERT INTO TAFJ_CACHE (RECID, CACHENAME) VALUES ('FMF1.DATA.EVENTS.ILP','FDataEventCache');
INSERT INTO TAFJ_CACHE (RECID, CACHENAME) VALUES ('FMF2.DATA.EVENTS.ILP','FDataEventCache');
INSERT INTO TAFJ_CACHE (RECID, CACHENAME) VALUES ('FMF3.DATA.EVENTS.ILP','FDataEventCache');
INSERT INTO TAFJ_CACHE (RECID, CACHENAME) VALUES ('FBR1.DATA.EVENTS.ILP','FDataEventCache');
INSERT INTO TAFJ_CACHE (RECID, CACHENAME) VALUES ('FSG1.DATA.EVENTS.ILP','FDataEventCache');
INSERT INTO TAFJ_CACHE (RECID, CACHENAME) VALUES ('FSGP.DATA.EVENTS.ILP','FDataEventCache');
INSERT INTO TAFJ_CACHE (RECID, CACHENAME) VALUES ('FDBU.DATA.EVENTS.ILP','FDataEventCache');
INSERT INTO TAFJ_CACHE (RECID, CACHENAME) VALUES ('FACU.DATA.EVENTS.ILP','FDataEventCache');




